{
  "name": "FXBlurView",
  "version": "1.6.4",
  "license": "zlib",
  "summary": "UIView subclass that replicates the iOS 7 realtime background blur effect, but works on iOS 5 and above.",
  "authors": {
    "Nick Lockwood": "http://charcoaldesign.co.uk/"
  },
  "source": {
    "git": "https://github.com/nicklockwood/FXBlurView.git",
    "tag": "1.6.4"
  },
  "homepage": "http://github.com/nicklockwood/FXBlurView",
  "platforms": {
    "ios": "4.3"
  },
  "source_files": "FXBlurView",
  "frameworks": [
    "Accelerate",
    "QuartzCore"
  ],
  "requires_arc": true
}